"","x"
"1",0.141847587016268
"2",0.0314765887577268
"3",0.0962421609377058
"4",0.181883964104529
"5",0.0283393402877823
"6",0.0990211845485852
"7",0.0211995416707567
"8",-0.00346449314130569
"9",0.0505842179106512
"10",0.110561094765706
"11",-0.116845514916073
"12",0.0960905571380326
"13",0.165625066301029
"14",0.099921319769968
"15",0.135880373069941
"16",-0.325616320922418
"17",0.0118377707606734
"18",0.132326142672462
"19",0.137513047165234
"20",0.0743456357731346
"21",0.221480880086695
"22",0.157391458507352
"23",-0.169997928376536
"24",0.0423732461904795
"25",0.181186734821918
"26",0.119226012632467
"27",-0.00350663018291684
"28",-0.0509579386815551
"29",-0.0597558546390494
"30",-0.128171024587553
"31",-0.0771599535451368
"32",-0.074128507638374
"33",-0.0148153377151521
"34",-0.024633943522207
"35",-0.0971197887367695
"36",-0.153195159766689
"37",-0.114260538929298
"38",0.245338301809967
"39",-0.117505018605811
"40",-0.20342038342678
"41",-0.187065664238652
"42",0.0525866584085665
"43",0.225822562550006
"44",0.0324319367704294
"45",-0.0991007905775578
"46",-0.178778676410804
"47",-0.0531658202654863
"48",-0.0343839061608486
"49",-0.101581325279715
"50",0.171886317887037
"51",-0.118533306420373
"52",-0.0437805150239751
"53",0.0315753457123319
"54",-0.0837663421354784
"55",-0.0472425895149854
"56",-0.14121707125252
"57",0.159649807581202
"58",0.140930469728436
"59",-0.202003391658489
"60",-0.0147973457102234
"61",0.00810483446242784
"62",0.359909178488343
"63",-0.0773961190627445
"64",0.0293715811238155
"65",0.198098646012922
"66",0.015590357727536
"67",0.601367498565144
"68",0.0340781018895541
"69",-0.254235224583744
"70",-0.309458056880896
"71",-0.170566533635603
"72",0.0741562690787675
"73",-0.102374511972299
"74",-0.226884981267734
"75",-0.146533301018218
"76",0.0100374547137643
"77",-0.105592446578968
"78",-0.210893818759938
"79",-0.295370815900746
"80",0.00389127301253597
"81",-0.0217569724832772
"82",-0.10232705110607
"83",-0.0607664004319124
"84",-0.11220327549649
"85",-0.17992333766646
"86",-0.130361378305092
"87",0.23463060027422
"88",0.377382049615644
"89",-0.066423213630806
"90",-0.0738472773306213
"91",0.0413155633448825
"92",-0.136833095068807
"93",-0.0479470423395231
"94",-0.115600326635019
"95",-0.169050614823898
"96",0.8373103297914
"97",0.0627913777640718
"98",0.620479313711031
"99",0.0337732925868238
"100",-0.0919244364925805
"101",0.217821865053505
"102",0.0476473937704606
"103",-0.121745562669839
"104",-0.0427877864462388
"105",-0.0389180801188946
"106",0.468073991738178
"107",0.591285744297223
"108",-0.0203584753842162
"109",-0.0351102496012424
"110",0.00324739852846491
"111",-0.0734163403901
"112",-0.290895104671105
"113",-0.0268849136983091
"114",-0.168517866005685
"115",0.414675387059011
"116",-0.0183189878211179
"117",-0.0389838460865466
"118",0.244457107132161
"119",-0.0950039315427238
"120",-0.190201685931685
"121",-0.287556528211671
"122",-0.0731613352428036
"123",0.179867241546925
"124",0.966657367764197
"125",0.547690053846403
"126",-0.0601510055048297
"127",-0.205494468649307
"128",0.175228218155932
"129",0.396929240031578
"130",-0.238385292201629
"131",-0.342509552720204
"132",-0.210821342297217
"133",0.873423015643398
"134",-0.0386647980784792
"135",-0.01478842076222
"136",0.0793544629797913
"137",0.00489021943652098
"138",0.0739338564100754
"139",0.192003236823831
"140",0.0268369297848616
"141",-0.121093768527215
"142",-0.166847056062834
"143",-0.0919989665529411
"144",0.174424994072936
"145",-0.0694809606767221
"146",0.56787393121524
"147",0.121290217075617
"148",0.358704510926042
"149",0.206473544797549
"150",-0.308803878976634
"151",-0.0743071612206199
"152",-0.107143755366237
"153",-0.0820487320286543
"154",0.0684140073805194
"155",-0.153276394162585
"156",-0.056437515936645
"157",0.0358048651636859
"158",0.0877597763465439
"159",0.0639653468278596
"160",-0.162204141108935
"161",-0.259926977667718
"162",-0.197367254510949
"163",0.250330818731714
"164",0.0172886634838867
"165",0.150354821394468
"166",0.0712851149794479
"167",-0.0998293497650074
"168",0.189139839998506
"169",-0.13315738357273
"170",-0.306087293717366
"171",0.277864484310824
"172",-0.221182275977723
"173",-0.307152626762592
"174",0.0702821666683649
"175",0.0230918049060435
"176",-0.0147583753959645
"177",-0.0393195879042867
"178",-0.330064339468196
"179",0.0347464549630694
"180",0.131370614794921
"181",-0.107897267922651
"182",0.252667946937704
"183",-0.0490243884053262
"184",0.160438823795408
"185",0.0212034777688929
"186",0.513666910699188
"187",0.0478155995321236
"188",-0.169566151909705
"189",0.233202781830175
"190",0.0847293278049349
"191",0.0279994912027672
"192",-0.0692568494989774
"193",-0.00257728558308211
"194",-0.0192132779715928
"195",-0.134708415505859
"196",-0.113948603778953
"197",0.00382874844266512
"198",0.187803433594141
"199",0.125749974522809
"200",-0.176888954905437
"201",0.023760546381773
"202",0.0212254354530782
"203",0.0982037082079545
"204",-0.180743397012419
"205",-0.115945676960248
"206",-0.20110728341941
"207",0.0577293672921835
"208",0.00411815060487403
"209",-0.0851481556664356
"210",-0.0230622380749728
"211",0.0490265784191317
"212",-0.00398741218979451
"213",-0.0203538607031242
"214",-0.205375127045519
"215",-0.171054286833528
"216",0.0735532826389449
"217",0.0270481005347399
"218",0.0180833075772755
"219",0.0836850178427851
"220",0.0483314175696141
"221",0.160093555603966
"222",0.0236660632756105
"223",0.0737847495237196
"224",0.126584895753678
"225",-0.0566614948058261
"226",0.0839961549188679
"227",-0.0399403249520861
"228",-0.0371907171748474
"229",0.0782016386951523
"230",-0.0488096342849842
"231",0.0224149157379958
"232",-0.35306369590737
"233",0.0141198460130136
"234",0.0934978771571795
"235",0.0658626816085725
"236",0.0794438819224546
"237",0.0733076858627565
"238",0.0555981013862928
"239",-0.0970440853514283
"240",-0.0217493681163318
"241",0.252639951813381
"242",0.149696713262472
"243",-0.0593807355733552
"244",1.89882718740536
"245",1.57964658224079
"246",-0.272167370256196
"247",1.34910988486442
"248",0.330607671443307
"249",1.38635372818979
"250",-0.350596582145693
"251",0.415610890168992
"252",0.153426644315264
"253",-0.147366176106792
"254",-0.0977666328096523
"255",-0.114336759964503
"256",-0.244782762428263
"257",1.24754856899631
"258",-0.230298824228541
"259",-0.302307497567873
"260",-0.184025069343908
"261",-0.355630057871352
"262",1.70806589276365
"263",-0.194924836976264
"264",0.381472306454316
"265",-0.239142663349277
"266",-0.397549585186531
"267",1.43013151184499
"268",1.47007382677517
"269",-0.304024319800919
"270",1.51656288702364
"271",-0.263235171380634
"272",-0.103608986804312
"273",0.0438432704396444
"274",0.146169345042479
"275",-0.614975431702083
"276",0.921604885727938
"277",-0.311349339717422
"278",-0.315706759020017
"279",-0.243477825075365
"280",-0.254026257729152
"281",-0.177820141211791
"282",0.11131219637398
"283",-0.171050731798375
"284",-0.284188357525618
"285",0.440348706447244
"286",-0.105472812345902
"287",-0.108662433544889
"288",-0.282100705651916
"289",-0.412491091705075
"290",-0.325637915295317
"291",-0.0140157722187104
"292",-0.227785272025578
"293",-0.367176060546705
"294",-0.176643524468722
"295",-0.524706881221192
"296",-0.20927977932719
"297",-0.310903034649888
"298",0.223191691156814
"299",0.0182833958678768
"300",-0.0522195301747681
"301",0.0264809021725296
"302",-0.219773942385799
"303",0.524269790527228
"304",-0.0676412130114469
"305",-0.220679969217135
"306",0.850665413963711
"307",-0.077568038929201
"308",-0.322481459715421
"309",0.0790001205015479
"310",-0.050975831795288
"311",0.26382361205546
"312",0.0398476711866026
"313",-0.411978101581992
"314",-0.0628459884659839
"315",0.0424129727308108
"316",0.344636249691971
"317",0.078005444769641
"318",0.0851983635731891
"319",0.202376024907885
"320",-0.194086199818245
"321",-0.0020230545971354
"322",0.291112046207005
"323",-0.0144332689210617
"324",0.00261089734133597
"325",-0.0655812167574217
"326",-0.149974815535589
"327",-0.117609280805497
"328",-0.128640771173341
"329",-0.0744260610117986
"330",-0.221589883259038
"331",0.0530959594316996
"332",-0.138182372068401
"333",0.00593798518474316
"334",-0.176458684585133
"335",-0.204301970337178
"336",-0.0701710398610439
"337",-0.0771167535156791
"338",-0.0183325617037924
"339",-0.182641737135904
"340",-0.176666348569466
"341",0.789383163562522
"342",-0.0753417766785148
"343",-0.0477119995129493
"344",-0.0327407347932498
"345",0.415150671063953
"346",-0.0628010924609641
"347",-0.0313802886826662
"348",-0.118092768136558
"349",-0.146938851495203
"350",-0.15485205319252
"351",0.000994332949646911
"352",0.193612277490293
"353",0.228600044736182
"354",0.546892089607258
"355",0.379314750605237
"356",0.328160965984219
"357",-0.112785320926366
"358",-0.120543922713921
"359",0.079871827822124
"360",0.671943942760568
"361",0.376719551020076
"362",1.09431171726582
"363",0.18095242452228
"364",0.26473047273511
"365",0.357820171547187
"366",-0.175503857971908
"367",-0.101657767730525
"368",-0.204133874815274
"369",0.0922779820564495
"370",0.0146223329348926
"371",-0.0924429050408535
"372",-0.0368070686455823
"373",0.0565327530169458
"374",-0.000572201063137014
"375",0.351920138612264
"376",-0.184321517364016
"377",-0.155548313687604
"378",0.0797305966905367
"379",-0.17320393288554
"380",-0.171075958531666
"381",-0.618973515350604
"382",-0.212682780669244
"383",-0.133390322999545
"384",-0.180222737262367
"385",-0.0823701652766871
"386",-0.303030584992836
"387",-0.594644212726226
"388",-0.284221517002297
"389",-0.536930719388872
"390",-0.0928599574118799
"391",-0.519598940057641
"392",-0.222407476120702
"393",-0.102859869450909
"394",0.358825446422482
"395",-0.0850588002244165
"396",-0.411237503926704
"397",-0.240301335981893
"398",0.0225210580637489
"399",0.0318515855075899
"400",1.60304122881011
"401",0.0189468551610223
"402",-0.249875078227038
"403",0.340071890418043
"404",-0.221406983900147
"405",0.451813707229246
"406",0.0835458338233916
"407",-0.00242384024481131
"408",0.112011677072479
"409",0.0523414251305631
"410",0.04580188399736
"411",-0.00766307115784791
"412",-0.032959677205423
"413",0.0261165678149718
"414",0.102059092490201
"415",0.123576049178554
"416",0.11628912119072
"417",-0.0406973131373325
"418",0.154696213785489
"419",0.0597434018139099
"420",0.0357428652245676
"421",-0.0378337992928534
"422",0.0573561891993216
"423",0.0752935829833258
"424",0.196509008711328
"425",0.010390388536206
"426",0.0803304354150398
"427",0.0840971729974779
"428",0.0100938226324904
"429",-0.0282161864418012
"430",0.0575385375529213
"431",0.0891820829226245
"432",-0.108691301409829
"433",0.0682023942413753
"434",0.0688787620394323
"435",0.0521035107824477
"436",-0.0338129240100176
"437",0.188360966982257
"438",-0.143554771366041
"439",0.174056632994812
"440",0.0222034961879381
"441",0.26402863444096
"442",-0.0748903890689709
"443",0.116076997497193
"444",0.533409503567275
"445",-0.00271832445012777
"446",0.0449537225532823
"447",4.30703602152556e-05
"448",0.137438282008061
"449",0.147691873819754
"450",-0.0883258213533226
"451",0.134721372523768
"452",0.224646553989259
"453",0.0141925876269751
"454",0.142262793274078
"455",-1.08271191878627
"456",-0.0452328628938789
"457",0.0410583727136639
"458",0.0174206513255836
"459",0.127815230254077
"460",-0.0108615808294394
"461",-0.0195459538475751
"462",0.321154710885493
"463",0.171674881687742
"464",-0.0852757323659062
"465",0.268155514933926
"466",0.0770807892316501
"467",0.00218147855025147
"468",0.0486085989563975
"469",0.0838169626084758
"470",0.051206536113223
"471",0.0682489827627706
"472",0.152394161079975
"473",-0.01899489000405
"474",0.19824547390066
"475",0.0306687077277065
"476",0.0241297586745766
"477",-0.30743721162274
"478",-0.0287895124292928
"479",0.21168791395738
"480",0.167790498162187
"481",0.098590490535465
"482",0.10407471420216
"483",0.0150700622924239
"484",0.237179323747482
"485",0.0326548224764316
"486",-0.00350663018291646
"487",0.269365949753121
"488",0.0481026370017843
"489",-0.133935080947344
"490",0.0205323850084996
"491",-0.125786856738365
"492",0.0124194395499772
"493",-0.0217341550104916
"494",-0.0122354926654469
"495",-0.0106720428497317
"496",-0.0579904923833439
"497",-0.0272581788452419
"498",0.0342815704157386
"499",-0.00558648669943674
"500",-0.00257539074116198
"501",-0.113376929802543
"502",0.000369868351895785
"503",-0.0665281023236631
"504",-0.0184334412478584
"505",-0.0659567443722849
"506",-0.0147048329049134
"507",0.0125476514909694
"508",0.114355923611178
"509",-0.0394700307661239
"510",-0.0889167461836932
"511",0.034100428560395
"512",-0.0282810506972968
"513",-0.0387172289052671
"514",0.0194711269690392
"515",0.0509428318293254
"516",-0.136171856403698
"517",-0.0368013506558568
"518",0.0388246782977086
"519",-0.0348985955846999
"520",-0.14497757474129
"521",0.0738988394937279
"522",0.378609312326094
"523",-0.145310937564211
"524",-0.0265712563590542
"525",0.10228157697012
"526",-0.146656005478004
"527",0.0504747615617835
"528",0.264345618473708
"529",-0.112644572326778
"530",-0.114070455330338
"531",-0.0892180852271023
"532",0.079467272929499
"533",0.013888676353746
"534",-0.168950803229478
"535",0.0700839751484338
"536",0.179466243958274
"537",-0.00337409674612755
"538",0.0314439279101323
"539",6.06824246423831
"540",0.195628008358659
"541",0.0745385674341303
"542",0.046635318202669
"543",0.315851929247067
"544",-0.0116425017978089
"545",-0.150335378736264
"546",0.14223391797458
"547",0.0599432580643473
"548",-0.229533666069429
"549",0.0472993653126374
"550",-0.00939351572702649
"551",-0.054053286127365
"552",-0.00707186545413922
"553",-0.00230064517814909
"554",-0.0706633628408268
"555",0.0122388725192268
"556",0.0522879107908057
"557",-0.0964402105793521
"558",0.0402501093254558
"559",0.0310312251181454
"560",-0.102759647237473
"561",0.925858313248314
"562",-0.135405251073064
"563",0.019009556173689
"564",-0.102714048248685
"565",-0.0100411072135776
"566",0.0643240833568017
"567",-0.0167440583735937
"568",0.131928925149508
"569",-0.015389813340764
"570",-0.0837663421354784
"571",0.153194332940863
"572",-0.0682582249878684
"573",-0.239611561304584
"574",-0.0164518959984071
"575",-0.140222424135886
"576",-0.165065227807066
"577",1.06268217117901
"578",-0.249292757271006
"579",-0.270648267731062
"580",-0.225969038834515
"581",0.327810435293282
"582",0.472311111719717
"583",0.227456638696105
"584",1.87365117682034
"585",-0.0957086859555731
"586",0.083647328915403
"587",0.217622801781023
"588",1.14129167663909
"589",0.0368171318520897
"590",-0.424136952233515
"591",-0.108966224662783
"592",0.73027592860936
"593",0.147518658071859
"594",-0.2429276340754
"595",-0.147840836260573
"596",1.19452381728326
"597",0.0220361780560423
"598",-0.0573958882266849
"599",0.560490926312861
"600",0.139978667642795
"601",0.592264635450394
"602",-0.402740885398761
"603",0.439247337347311
"604",-0.122605637218571
"605",1.04825109336845
"606",0.164194317029745
"607",0.172504798638433
"608",-0.114609620467254
"609",-0.0591453469283843
"610",0.541539541186198
"611",0.200468698256717
"612",0.37610142585287
"613",0.452367760306879
"614",0.536455080588819
"615",-0.0749800521008461
"616",1.8847491595034
"617",-0.0725591392188812
"618",0.0888115242857534
"619",0.697000511080752
"620",-0.47042310950102
"621",0.884265435059066
"622",0.213041233766573
"623",0.495582311841812
"624",-0.349852438647728
"625",0.810376796329976
"626",-0.00581717861956235
"627",-0.106111947733292
"628",-0.442921672777912
"629",0.200807745683335
"630",-0.0644171856407696
"631",0.0876283448325412
"632",-0.172522170981194
"633",-0.000679618452562926
"634",-0.0243552480710867
"635",-0.023541710678627
"636",-0.457932326869696
"637",-0.258935459783912
"638",-0.241327547034926
"639",0.562471311566197
"640",0.119722398931507
"641",0.0135604653754535
"642",-0.0758500842655593
"643",-0.0524227542353569
"644",-0.113372820967773
"645",1.0522138120787
"646",-0.131224813135602
"647",-0.195324866577559
"648",-0.667644662584624
"649",1.05990363787269
"650",0.696492056985995
"651",-0.274150227760125
"652",0.929652291015909
"653",0.00280405123583352
"654",-0.0217569724832772
"655",0.49492985805609
"656",0.11585637195992
"657",-0.0495080099712154
"658",0.114836710991562
"659",-0.108884856713399
"660",-0.158194649453009
"661",-0.232145604123667
"662",0.0836675700378933
"663",0.133175197670885
"664",-0.0538488179010118
"665",-0.114341290949227
"666",-0.190889746548452
"667",-0.216803496811841
"668",-0.242976876099199
"669",0.122238435433725
"670",-0.229400187877291
"671",-0.111430500308077
"672",-0.134810990923027
"673",-0.203769479934213
"674",-0.0465016233801133
"675",0.330484241957368
"676",1.2695851497247
"677",0.171482025703909
"678",0.0179512698797963
"679",-0.313529682645208
"680",0.85969388737302
"681",0.818074097198234
"682",0.674804691614653
"683",-0.109468030865158
"684",-0.170282422292226
"685",0.298882591786433
"686",0.520355783476763
"687",0.159326122150466
"688",-0.00437205994557604
"689",-0.065558103300965
"690",-0.123504265579538
"691",-0.131173684040738
"692",-0.0674144471014643
"693",0.186508050304845
"694",-0.0726899365135474
"695",-0.03251796577533
"696",0.141712898934526
"697",-0.166658016105747
"698",0.0259282140196405
"699",-0.27302347304007
"700",-0.0511146352366066
"701",0.399510734024686
"702",-0.181659235213513
"703",1.70256187845081
"704",0.153578895538161
"705",1.17045300183972
"706",0.581069981378831
"707",-0.30700979967508
"708",0.233656434754175
"709",1.36729653313607
"710",0.626886609489517
"711",-0.189551713312431
"712",0.632088885704588
"713",0.0563892947987532
"714",-0.0224624863510877
"715",-0.119782614987447
"716",-0.0870564564991826
"717",-0.00644891850150831
"718",0.10102568267369
"719",0.0705286759360831
"720",0.41600178685393
"721",-0.219711931988046
"722",0.336950322715395
"723",0.118120341751535
"724",-0.0614348423779036
"725",-0.0627500973357492
"726",-0.207172383293374
"727",0.249956715194857
"728",-0.130117883992765
"729",1.47757469305289
"730",-0.0514658622996816
"731",-0.000149683036807955
"732",-0.0505865934312525
"733",0.914724737523096
"734",1.255497302252
"735",0.105134920751508
"736",0.473120578215561
"737",0.721356016878528
"738",-0.0203584753842162
"739",0.0466369207168824
"740",-0.0188264037566044
"741",-0.172441037964072
"742",1.06226176777495
"743",-0.302883269361655
"744",-0.00402141218703575
"745",0.536848024619594
"746",0.365597368092407
"747",-0.257384672939888
"748",0.31109064065328
"749",-0.0774388281731571
"750",0.123209557531138
"751",-0.119217633824138
"752",0.110042710805784
"753",-0.109025265860946
"754",-0.148822001213633
"755",-0.393849766044738
"756",0.30207683747066
"757",0.0190985128113222
"758",-0.204695815666237
"759",-0.0770020606239912
"760",-0.0256184606286777
"761",0.864017721767977
"762",-0.450328974338043
"763",-0.11531785146195
"764",0.818843009219642
"765",0.715980705639514
"766",0.0530019418447431
"767",0.388302307566435
"768",-0.0746932922292086
"769",-0.141731330304436
"770",-0.227348813174656
"771",0.161113080528736
"772",0.183523339462744
"773",0.287893913842801
"774",0.344507757724569
"775",-0.356078967133655
"776",0.29353118259023
"777",0.200473335873714
"778",-0.438735118206305
"779",0.301600476879263
"780",-0.304997391021694
"781",-0.132625206674909
"782",-0.339530291337668
"783",0.0490422507890547
"784",0.271662476883474
"785",-0.387403101497727
"786",0.0222456300633448
"787",0.547403191711193
"788",0.489681998590528
"789",0.512367588115972
"790",-0.215525576725482
"791",0.929251949295291
"792",0.932953879259553
"793",1.23475984438899
"794",0.421215434886184
"795",-0.369649641240334
"796",0.775347042699526
"797",-0.0406999203828755
"798",-0.0734022260929673
"799",0.590930760935328
"800",-0.0209618345932229
"801",-0.558136683415022
"802",-0.065190525164419
"803",0.410373300234684
"804",0.117532745789741
"805",-0.0256532827352887
"806",0.320517109470827
"807",0.469709434273267
"808",-0.13479796428987
"809",-0.122593240885994
"810",-0.366052549482552
"811",-0.468595686598874
"812",-0.202287812746809
"813",1.64860246418118
"814",-0.341354116011344
"815",0.118236331553728
"816",0.580267344203676
"817",0.188980949206572
"818",-0.355001716701892
"819",1.5783853132671
"820",1.35977159141175
"821",0.604393778735184
"822",-0.01478842076222
"823",-0.147049420884202
"824",-0.0302495261702256
"825",0.355298412190654
"826",-0.062639636805237
"827",0.388733094318375
"828",-0.033863623752119
"829",0.405001797233149
"830",-0.0420066764828009
"831",-0.0543580544525296
"832",-0.0114287996554895
"833",0.146279302149526
"834",0.556559056551432
"835",0.337216104741999
"836",0.415896164602435
"837",-0.139178105681763
"838",0.11038237674036
"839",0.181852648984884
"840",-0.103216836417241
"841",-0.063083274283224
"842",0.062168143420395
"843",0.128678083393174
"844",-0.0601593035224156
"845",-0.170981557305919
"846",0.675255226644651
"847",-0.0906620134967221
"848",-0.178092609585816
"849",-0.124685384496693
"850",-0.11946169800234
"851",-0.0186464217946123
"852",-0.0434085851029782
"853",-0.217803568092866
"854",-0.119636604725505
"855",-0.0565838748851356
"856",-0.188087215318774
"857",0.33643631037745
"858",0.426108127885844
"859",0.886905066277653
"860",-0.0835610130380871
"861",0.209168080859766
"862",0.31146093687161
"863",0.791910214643516
"864",0.369607317536106
"865",0.211298844669058
"866",0.455322492161992
"867",0.488996760723709
"868",1.17974581475247
"869",1.00052396613255
"870",0.0106908309292102
"871",0.0284991661479977
"872",-0.279595231332145
"873",-0.220644655110695
"874",-0.0723734687354842
"875",1.47768163755879
"876",-0.082046058300986
"877",-0.106235873935159
"878",-0.12361522885077
"879",0.538897082056331
"880",-0.0696865464131417
"881",-0.127789864622231
"882",0.155414848056998
"883",0.0430060243112443
"884",0.019520777844747
"885",0.941028144200263
"886",-0.221164411558944
"887",-0.116812301244105
"888",-0.0115323973522912
"889",0.021770121813542
"890",-0.0849897284827973
"891",-0.0411545823638443
"892",0.295622974580488
"893",-0.0156356926321134
"894",0.968241486737863
"895",-0.0625282623209617
"896",0.241056402886928
"897",0.145496559080942
"898",-0.0609093085939879
"899",0.484878300069357
"900",0.642208879606221
"901",-0.213741955979893
"902",-0.143627010497204
"903",-0.10649411480272
"904",-0.146361132789339
"905",-0.177358541654742
"906",-0.197367254510949
"907",0.574883143090379
"908",1.03821962554318
"909",0.251220898696254
"910",0.301314817420039
"911",2.53972204026714
"912",-0.00552164486485738
"913",0.258308738942534
"914",-0.226153379100246
"915",0.371297651573769
"916",-0.00909836659417226
"917",0.084312789973085
"918",-0.00215158033546427
"919",0.163200773502617
"920",-0.0964623376640681
"921",0.277371748158232
"922",-0.0547965116065338
"923",1.98115554896861
"924",-0.188145499943228
"925",-0.250748960732611
"926",1.31897297968765
"927",0.7629751126652
"928",0.356035101845395
"929",0.142364653844151
"930",0.184358005308085
"931",0.14061103085693
"932",-0.312826889420229
"933",0.199098524825305
"934",-0.164969435412724
"935",-0.337731432128046
"936",-0.0940273951918896
"937",-0.238371035835623
"938",0.260046114455852
"939",-0.377634403304161
"940",-0.194711880893603
"941",0.902010090339919
"942",-0.381579261580709
"943",0.582092419559978
"944",0.682377173800497
"945",0.678791366696041
"946",0.597641296379457
"947",-0.552903303799107
"948",0.429903578950364
"949",-0.157860851540733
"950",0.692866709263951
"951",-0.111011166707241
"952",1.6913233739973
"953",0.483607543272613
"954",0.0152393385017039
"955",-0.317077802744448
"956",-0.422613294708648
"957",0.186022054821897
"958",0.208074015746955
"959",0.256874725467536
"960",-0.341129430882071
"961",0.0442002491419405
"962",-0.0996974474465825
"963",0.0899508208578308
"964",0.408837933212624
"965",0.107707888027675
"966",0.160098777297068
"967",1.36766125775059
"968",-0.0753229822805545
"969",-0.294287648926696
"970",1.10579571521208
"971",0.0718534408352337
"972",2.50913149987118
"973",-0.0581473021340134
"974",-0.224890912676672
"975",0.83911887237605
"976",-0.0984738423038299
"977",0.977413432871119
"978",1.87368744357344
"979",-0.163140583834573
"980",0.651274763150141
"981",0.466223705226826
"982",0.479019994315064
"983",0.785379470649903
"984",-0.107882789462831
"985",0.0771722405872537
"986",0.0982497181732042
"987",-0.245752004635981
"988",-0.38814638077605
"989",-0.0637616738271115
"990",0.233202781830175
"991",0.127218473685808
"992",-0.0288959416832087
"993",1.71956329909787
"994",0.077646780404923
"995",0.301565016664211
"996",0.0281558637986186
"997",0.0663870801666418
"998",-0.0530349171459099
"999",0.253849794560258
"1000",0.0704006154357375
"1001",0.0527365119320356
"1002",-0.0746245027333506
"1003",0.501253389542403
"1004",0.83708515961051
"1005",-0.100249423379989
"1006",-0.0289241245136247
"1007",0.0219452409261454
"1008",-0.0688872137130724
"1009",0.210644473414057
"1010",0.221579352390552
"1011",0.109745939594658
"1012",0.167700981805073
"1013",-0.153179395964457
"1014",-0.0571982204424827
"1015",0.741131674836638
"1016",-0.0133435620031638
"1017",-0.142298724452332
"1018",-0.102514794778171
"1019",-0.0744466272697797
"1020",0.359007185762739
"1021",-0.0746382711211394
"1022",0.419192306731712
"1023",0.599413420876381
"1024",0.0931870392040368
"1025",-0.142361993077589
"1026",-0.225063708952164
"1027",0.292338469165115
"1028",0.0829035939924124
"1029",0.0839829941338386
"1030",0.00686836628037739
"1031",2.115255373958
"1032",0.580668194766683
"1033",-0.0586561053706796
"1034",0.163508625838394
"1035",-0.017591317713564
"1036",0.59201953173654
"1037",1.95029639456451
"1038",0.150390640993408
"1039",0.102520768521074
"1040",0.223134835255721
"1041",-0.246627235277786
"1042",0.128675082851187
"1043",1.40801593577087
"1044",-0.12157290407837
"1045",-0.195081195806763
"1046",-0.163702952111746
"1047",0.567225845700597
"1048",-0.13337987651057
"1049",0.105909912368715
"1050",-0.0665980598387503
"1051",-0.0583599137407962
"1052",0.356732508087908
"1053",-0.08702677145773
"1054",-0.0887791385965747
"1055",-0.157607938978267
"1056",0.00889348141015604
"1057",0.0901423624114764
"1058",0.421898016249501
"1059",-0.103294776772319
"1060",0.215737949040286
"1061",0.0443228105695693
"1062",-0.132506334087756
"1063",-0.0168907408457645
"1064",0.0817471004930084
"1065",-0.0687372608216217
"1066",-0.0267452900927126
"1067",0.0240000786194202
"1068",0.160589705726399
"1069",-0.231435102730568
"1070",-0.12425007453649
"1071",-0.10087520090104
"1072",-0.168473685868687
"1073",-0.137767320201706
"1074",0.0735532826389449
"1075",1.74503214034694
"1076",1.15557624796617
"1077",0.0429549121818183
"1078",0.0747604204375474
"1079",-0.109468659844318
"1080",0.076062706053334
"1081",-0.00622183730233248
"1082",0.0402910764957186
"1083",-0.0160146237092361
"1084",-0.00946629451980165
"1085",-0.0234211623470039
"1086",0.0703777891783513
"1087",0.0127985769421625
"1088",0.0536809103687667
"1089",0.0459204761705107
"1090",0.0581218182856699
"1091",0.0134798177716732
"1092",0.0845952548830703
"1093",0.311617428362399
"1094",-0.0537494183012509
"1095",0.0869502850766498
"1096",0.145132610729871
"1097",-0.0211035603527215
"1098",-0.0507939901324907
"1099",0.348029551345108
"1100",0.0441937192262124
"1101",-0.0399366962642958
"1102",0.249649649357514
"1103",0.245960019376921
"1104",-0.0151852576272342
"1105",0.00489402934325549
"1106",0.0410249520953662
"1107",0.225153462720589
"1108",-0.081381028785396
"1109",0.159266510006437
"1110",-0.0818955020335813
"1111",0.151668424211529
"1112",-0.00255462001798865
"1113",0.120368426696703
"1114",-0.124734733277928
"1115",0.0761598401102473
"1116",0.288734579406851
"1117",0.113835306535116
"1118",-0.0520280952809017
"1119",-0.0499777603955444
"1120",0.0917768999078823
"1121",0.0722841987585539
"1122",-0.10824524909904
"1123",0.11605308035832
"1124",0.151886269228311
"1125",-0.0528782917903787
"1126",0.184537087993934
"1127",-1.19349142061164
"1128",0.436525394871351
"1129",0.0172786527370393
"1130",0.0270860495019603
"1131",0.0380684635682023
"1132",0.00306102443215875
"1133",-0.0260736846298582
"1134",0.296448084007882
"1135",0.0610504463827683
"1136",-0.0646850889596498
"1137",0.331002723052918
"1138",0.151490108509873
"1139",-0.0142162531832773
"1140",0.0892825114451844
"1141",0.0389267984624792
"1142",-0.00976454497494466
"1143",0.0355923277855389
"1144",0.169482050103202
"1145",-0.0275816038084048
"1146",0.0839064311095954
"1147",0.198521046107889
"1148",-0.0447406869626181
"1149",-0.345176372129527
"1150",-0.0414590842614774
"1151",0.0528218371626567
"1152",0.55751985399754
"1153",0.0961713689491554
"1154",0.0808428569483036
"1155",0.161866158642687
"1156",0.239073653392321
"1157",0.0591649208984253
"1158",-0.0593807355733551
"1159",0.220261306749907
"1160",-0.0337253791360048
"1161",-0.174217861980816
"1162",0.488351694742015
"1163",0.456822384801884
"1164",0.513996953937086
"1165",0.439656153924375
"1166",0.70906867223132
"1167",0.688312682975252
"1168",0.738585965459099
"1169",0.663296368542726
"1170",0.542798501317582
"1171",1.42016801535108
"1172",1.36590513755091
"1173",-0.581731053911972
"1174",0.677269726732836
"1175",0.671840158131589
"1176",1.32597365329062
"1177",1.4305454743701
"1178",-0.281004139260438
"1179",1.20632103425446
"1180",0.652889052977482
"1181",0.934034269039034
"1182",-0.533823491450193
"1183",1.65427242254409
"1184",1.97544782196033
"1185",-0.10944243116873
"1186",-0.393871824688248
"1187",-0.239732284620488
"1188",1.49159574297175
"1189",1.55902084848379
"1190",0.184960923327431
"1191",-0.311477513936208
"1192",-0.0721686644261162
"1193",1.28418101373464
"1194",-0.136506905533707
"1195",0.270184311580546
"1196",1.48437350957532
"1197",1.17035887545293
"1198",1.60545444677955
"1199",-0.587690852387591
"1200",0.968908105385521
"1201",-0.280260919509799
"1202",1.40607596370902
"1203",0.743947876359715
"1204",0.479230304749089
"1205",0.484056736316843
"1206",0.932206683095479
"1207",1.19557389643662
"1208",-0.365278675017671
"1209",0.155814750200428
"1210",0.0555578339886176
"1211",-0.872713123533448
"1212",-0.221416569231209
"1213",1.78708921629861
"1214",-0.245088829382312
"1215",0.0237851976898723
"1216",-0.146721648294676
"1217",1.88614563364192
"1218",-0.416964006183814
"1219",0.564573151672979
"1220",0.736203403243456
"1221",0.407289337847212
"1222",-0.280152709639168
"1223",1.87921171180017
"1224",1.6714800740982
"1225",1.166489802665
"1226",1.14538376568342
"1227",-0.196496085632791
"1228",-0.406684229521584
"1229",-0.110440451085857
"1230",1.25220677408068
"1231",1.10389542070536
"1232",1.75687682413296
"1233",-0.582797849522591
"1234",0.872172428431544
"1235",0.557959083413442
"1236",0.551796993825971
"1237",0.918276832949196
"1238",-0.522185420728077
"1239",-0.312331526523358
"1240",1.77663059107639
"1241",1.9684198185468
"1242",1.51656288702364
"1243",-0.453438251541385
"1244",1.04429359396085
"1245",1.44451570557092
"1246",0.0103818848525585
"1247",1.99109396935076
"1248",-0.331577391937002
"1249",1.89268558549836
"1250",0.33207757614488
"1251",-0.166334662120112
"1252",-0.0892800950783964
"1253",1.96541360216642
"1254",1.80458109134204
"1255",0.374038566651459
"1256",0.775614697675044
"1257",-0.130692060162696
"1258",0.00331675122678239
"1259",0.726715304370423
"1260",2.33286141636841
"1261",-0.57802630907663
"1262",2.31668904826634
"1263",0.567269865455646
"1264",1.18047642329319
"1265",0.102414447190628
"1266",1.26355455449167
"1267",-0.18335278494755
"1268",-0.201173287662847
"1269",-0.204530315076213
"1270",1.09083204669777
"1271",-0.176298832537026
"1272",-0.290211129422465
"1273",-0.3121629857489
"1274",1.97197082681877
"1275",1.18478861045356
"1276",-0.293950198457607
"1277",-0.344606391567157
"1278",0.173660079343655
"1279",-0.313800655833921
"1280",0.263553767601905
"1281",1.50654581104518
"1282",-0.184629494583647
"1283",1.54423492384345
"1284",1.41647388788449
"1285",1.56514504833035
"1286",-0.367086293500399
"1287",0.115155910552089
"1288",1.7491664257767
"1289",0.428871416269197
"1290",-0.346797254268944
"1291",-0.243467340436334
"1292",1.49855273088272
"1293",0.128424902566201
"1294",0.54311225359588
"1295",-0.8633554854171
"1296",-0.0885812455928201
"1297",1.80411059747442
"1298",0.197968007853589
"1299",1.37124561371607
"1300",-0.161194788230532
"1301",-0.323297926058719
"1302",-0.187106561803403
"1303",2.05412867040939
"1304",-0.574825406757805
"1305",-0.29058599073416
"1306",-0.366618278935752
"1307",-0.137000356552211
"1308",-0.201998287678859
"1309",1.78729041303079
"1310",0.0125974145245263
"1311",-0.205758102690895
"1312",-0.431088451329883
"1313",-0.0227902388393395
"1314",0.0615637735479143
"1315",-0.232593540430421
"1316",0.222239240579864
"1317",-0.543383977766307
"1318",-0.242898355578937
"1319",-0.046188666042226
"1320",-0.695236084800138
"1321",-0.216124828170043
"1322",-0.252710391349253
"1323",0.215901753412439
"1324",0.089462134569797
"1325",-0.248414493837761
"1326",-0.310903034649888
"1327",0.408955608561175
"1328",1.89495952526244
"1329",-0.343589941348878
"1330",0.367840448335233
"1331",1.53800308966594
"1332",0.56166900143929
"1333",0.0626612307946597
"1334",-0.111748611212566
"1335",0.160590933961438
"1336",3.20253645694202
"1337",1.5828789429692
"1338",0.458402186378405
"1339",0.463353202822291
"1340",0.713144247073887
"1341",-0.0884174245056012
"1342",0.235814631238676
"1343",-0.0478086150598813
"1344",-0.076294969204954
"1345",-0.0948669879819023
"1346",0.216591004195537
"1347",-0.000676177638171657
"1348",2.33184071199282
"1349",0.566440685173131
"1350",0.301430925335667
"1351",-0.147617361741502
"1352",-0.0716501464460609
"1353",0.107396203949562
"1354",0.376230368201888
"1355",-0.0925791171156147
"1356",-0.114270160110571
"1357",0.359725521027747
"1358",0.358177796603035
"1359",-0.14223304357921
"1360",0.341037268272011
"1361",1.10504720705944
"1362",-0.335534860999703
"1363",3.11771319930356
"1364",-0.0764293946934964
"1365",0.913482794418683
"1366",1.07059844002453
"1367",0.578181775766088
"1368",2.38606755025539
"1369",-0.109415694904381
"1370",0.389853985404817
"1371",3.0060460129885
"1372",0.357343130160545
"1373",0.565364239404595
"1374",0.148496633202
"1375",0.0990924649350157
"1376",1.07872095389774
"1377",0.351902983627546
"1378",-0.127690594809839
"1379",-0.729946566790489
"1380",0.0575323579930542
"1381",-0.0312943953103173
"1382",-0.0177062711006373
"1383",1.20407859021572
"1384",-0.0652652635420524
"1385",0.0402673425949956
"1386",0.0340806992662872
"1387",1.23273888952425
"1388",0.258411470277959
"1389",0.832265106773323
"1390",-0.116919158790231
"1391",0.7339766700482
"1392",0.594516209863103
"1393",2.84590904622893
"1394",0.311384664237428
"1395",0.0166274404383159
"1396",0.197027211336104
"1397",0.25204861246408
"1398",0.122839651347834
"1399",-0.133721687657528
"1400",0.346128063304453
"1401",-0.538446558044707
"1402",-0.0409278364100679
"1403",1.03500119118358
"1404",1.14308230785588
"1405",0.210300299399416
"1406",0.325650793879689
"1407",-0.137330873184964
"1408",0.0673153472022187
"1409",0.381797899783855
"1410",0.00261089734133592
"1411",1.67665610589523
"1412",2.33117042987119
"1413",0.558855261129127
"1414",-0.0290409972201749
"1415",2.0289432002971
"1416",-0.111415360719678
"1417",-0.0713865143563416
"1418",-0.230690981048828
"1419",0.828224107187137
"1420",-0.158492278774664
"1421",2.21071733626259
"1422",-0.101651939707093
"1423",1.17999562910833
"1424",1.67179398383199
"1425",-0.128682477872492
"1426",-0.166432429183389
"1427",-0.102077899488653
"1428",-0.0889742862682304
"1429",0.175865037764294
"1430",0.480339616470528
"1431",-0.102627894238275
"1432",1.64923325157857
"1433",1.46616013897342
"1434",-0.261402831543794
"1435",1.65724334209087
"1436",-0.0304277281911083
"1437",0.0807484420429047
"1438",2.01268317825745
"1439",-0.252632700648991
"1440",-0.020516267844094
"1441",-0.0607123843989562
"1442",1.69167390101633
"1443",1.79081447556429
"1444",-0.17435120654416
"1445",-0.341034609476197
"1446",-0.241367903035349
"1447",0.169806688759571
"1448",-0.047027163251143
"1449",-0.060555307803763
"1450",-0.0875391252519046
"1451",0.892189841817677
"1452",1.11562159635954
"1453",-0.137094100366326
"1454",0.0383851158701651
"1455",-0.0523264215105194
"1456",1.63543346678136
"1457",0.896308515108503
"1458",-0.0184011209330025
"1459",1.93990395592844
"1460",1.64744558775022
"1461",-0.219864828940001
"1462",1.94073741062151
"1463",0.192866177064428
"1464",-0.18031272472959
"1465",1.64788052365009
"1466",1.75144848666823
"1467",1.06653840836798
"1468",0.146850514738451
"1469",0.222360339636431
"1470",-0.181133091746402
"1471",2.02296858432733
"1472",2.32760602533926
"1473",-0.136499236444921
"1474",-0.120903251921624
"1475",2.30665549906813
"1476",0.251387348141926
"1477",1.58553407716022
"1478",1.49307058444461
"1479",0.0929091796675993
"1480",0.961010373249735
"1481",0.328321754953246
"1482",-0.194083711056009
"1483",-0.151489875370375
"1484",0.524298103862466
"1485",2.07143234810314
"1486",-0.129802925029142
"1487",-0.156680884529189
"1488",1.77652456328491
"1489",-0.2234641174822
"1490",-0.0554670555098874
"1491",0.0759403371649987
"1492",-0.292298064397467
"1493",0.0661292452998269
"1494",0.00099433294964695
"1495",0.754006679055911
"1496",1.36951318541046
"1497",-0.0783641414813278
"1498",0.0950270581780758
"1499",0.241627973881997
"1500",0.197493068940045
"1501",0.583760959972789
"1502",0.593970216705427
"1503",0.212063848772703
"1504",0.66996648867552
"1505",0.0408477653681346
"1506",1.52525719453365
"1507",0.382622062166252
"1508",0.485892326201357
"1509",1.06588771069086
"1510",0.178312912049232
"1511",0.750587637183961
"1512",1.29867907849768
"1513",0.229357400357237
"1514",0.183230251033486
"1515",0.328292738346054
"1516",0.139419062383162
"1517",-0.154631177980094
"1518",0.614965295542923
"1519",0.650354651571361
"1520",-0.0113814262153379
"1521",-0.145129068667347
"1522",-0.104303373479628
"1523",0.755877692283048
"1524",0.569022558174065
"1525",-0.0738674188365581
"1526",0.308487849174666
"1527",0.497008623360653
"1528",0.294813709740312
"1529",2.62707591932042
"1530",0.709248002396332
"1531",1.54025485947797
"1532",1.83858823257546
"1533",2.63871990892698
"1534",0.116416909601777
"1535",1.22306553214032
"1536",0.206734086291598
"1537",0.141576940927164
"1538",0.979393296301621
"1539",2.81354340755334
"1540",0.183161165041198
"1541",1.053987879456
"1542",0.264201769287291
"1543",0.0884153434464181
"1544",0.203200743643943
"1545",-0.226471860277335
"1546",0.117350370916136
"1547",1.21514975870644
"1548",-0.107938818642716
"1549",-0.19643341981502
"1550",-0.165759660285064
"1551",0.486568878567769
"1552",-0.134959694398017
"1553",0.0927881057396321
"1554",0.108460256806096
"1555",-0.067572876167068
"1556",0.311605071929273
"1557",2.42415078437239
"1558",-0.087553791614467
"1559",-0.163374577725937
"1560",0.002465988002786
"1561",0.0727410360317593
"1562",0.357582765014969
"1563",-0.10096957093198
"1564",0.185040610689313
"1565",0.0337507688530413
"1566",2.42289166732108
"1567",0.0129752560290328
"1568",0.0589952780563516
"1569",-0.078528015279453
"1570",0.311458950738073
"1571",1.71333987595193
"1572",0.0387305945260138
"1573",-0.202802150172303
"1574",-0.111137267224884
"1575",-0.10089403368556
"1576",-0.0674312702739898
"1577",-0.129087921577931
"1578",0.0797305966905368
"1579",0.991025461291031
"1580",0.310111475340325
"1581",1.85801501322568
"1582",1.6080143800591
"1583",-0.369107578463695
"1584",-0.182040852227315
"1585",-0.356616253855681
"1586",-0.175597367093349
"1587",1.82287689078562
"1588",-0.334819894028559
"1589",0.543570799601803
"1590",0.848721568878478
"1591",-0.422285215136881
"1592",-0.397098534658282
"1593",-0.827142988461648
"1594",0.161628400039021
"1595",-0.641401494461795
"1596",-0.298355806503302
"1597",-0.075074911222068
"1598",1.45306177473317
"1599",-0.142894540267299
"1600",-0.674392545810069
"1601",0.6896372330613
"1602",-0.407210352225422
"1603",-0.654746176582092
"1604",-0.0136022068702126
"1605",0.04401858943794
"1606",-0.00192053367917883
"1607",0.527302514784572
"1608",-0.00877155189455903
"1609",-0.359566582252156
"1610",-0.637906377756759
"1611",-0.508384026924708
"1612",0.743514938141755
"1613",0.322929421429781
"1614",-0.627560407020324
"1615",0.270391051528543
"1616",-0.641653780349953
"1617",0.288756243974517
"1618",0.256397826044335
"1619",0.226384727012733
"1620",0.736969362045863
"1621",-0.578726837060563
"1622",1.08133563587046
"1623",0.422637274568164
"1624",0.507560101574246
"1625",0.154597445872377
"1626",-0.287227314868253
"1627",-0.286063972647555
"1628",-0.43007938326037
"1629",1.29187728681254
"1630",0.195546271467477
"1631",0.00965857205665002
"1632",0.357096619175654
"1633",-0.090061275292947
"1634",-0.0754149060712746
"1635",-0.597551606877958
"1636",-0.0530976409381831
"1637",0.00561429075421003
"1638",-0.646024565095981
"1639",1.78198568326969
"1640",-0.340225468142223
"1641",0.451029633767779
"1642",2.19199410025467
"1643",-0.205620624060963
"1644",1.79765713425684
"1645",1.85385571325077
"1646",0.195181176751182
"1647",-0.06680977943002
"1648",0.638710127586396
"1649",0.91611144790626
"1650",0.0482196533174561
"1651",0.851636442915555
"1652",-0.0842601454471828
"1653",-0.135631549541834
"1654",0.100003181822483
"1655",-1.06753558752506
"1656",0.00400498789916654
"1657",0.367180958612286
"1658",-0.358199018984177
"1659",-0.0936701882418681
"1660",-0.0225194285792048
"1661",0.235228239338063
"1662",0.451813707229247
"1663",0.195238401214129
"1664",0.596004210704932
"1665",-0.744073717623911
