"","bg","trt"
"1","080130121011","08013012101"
"2","080130121012","08013012101"
"3","080130121013","08013012101"
"4","080130121014","08013012101"
"5","080130121021","08013012102"
"6","080130121022","08013012102"
"7","080130121023","08013012102"
"8","080130121024","08013012102"
"9","080130121025","08013012102"
"10","080130121031","08013012103"
"11","080130121032","08013012103"
"12","080130121033","08013012103"
"13","080130121041","08013012104"
"14","080130121042","08013012104"
"15","080130121051","08013012105"
"16","080130121052","08013012105"
"17","080130121053","08013012105"
"18","080130121054","08013012105"
"19","080130122011","08013012201"
"20","080130122012","08013012201"
"21","080130122013","08013012201"
"22","080130122021","08013012202"
"23","080130122022","08013012202"
"24","080130122023","08013012202"
"25","080130122024","08013012202"
"26","080130122031","08013012203"
"27","080130122032","08013012203"
"28","080130122033","08013012203"
"29","080130127014","08013012701"
"30","080130127051","08013012705"
"31","080130127052","08013012705"
"32","080130127053","08013012705"
"33","080130127071","08013012707"
"34","080130127072","08013012707"
"35","080130127081","08013012708"
"36","080130127082","08013012708"
"37","080130127083","08013012708"
"38","080130127084","08013012708"
"39","080130127101","08013012710"
"40","080130127102","08013012710"
"41","080130127103","08013012710"
"42","080130130031","08013013003"
"43","080130130032","08013013003"
"44","080130130033","08013013003"
"45","080130130034","08013013003"
"46","080130122034","08013012203"
"47","080130122041","08013012204"
"48","080130122042","08013012204"
"49","080130122043","08013012204"
"50","080130123001","08013012300"
"51","080130123002","08013012300"
"52","080130124011","08013012401"
"53","080130124012","08013012401"
"54","080130124013","08013012401"
"55","080130124014","08013012401"
"56","080130125011","08013012501"
"57","080130125012","08013012501"
"58","080130125051","08013012505"
"59","080130125052","08013012505"
"60","080130125053","08013012505"
"61","080130125071","08013012507"
"62","080130125072","08013012507"
"63","080130125073","08013012507"
"64","080130125081","08013012508"
"65","080130125082","08013012508"
"66","080130125083","08013012508"
"67","080130125091","08013012509"
"68","080130125092","08013012509"
"69","080130125093","08013012509"
"70","080130125111","08013012511"
"71","080130125112","08013012511"
"72","080130125113","08013012511"
"73","080130126031","08013012603"
"74","080130126032","08013012603"
"75","080130126051","08013012605"
"76","080130126052","08013012605"
"77","080130126071","08013012607"
"78","080130126072","08013012607"
"79","080130126073","08013012607"
"80","080130126074","08013012607"
"81","080130126081","08013012608"
"82","080130127011","08013012701"
"83","080130127012","08013012701"
"84","080130127013","08013012701"
